{
	"format_version": "1.8.0",
	"animations": {
		"animation.idle": {
			"loop": true,
			"animation_length": 2
		},
		"animation.move": {
			"loop": true,
			"animation_length": 2,
			"bones": {
				"paddle_right": {
					"rotation": {
						"0.0": [0, 0, 0],
						"0.4583": [0, -87.5, 0],
						"0.9583": [0, 0, 0],
						"1.4583": [0, -87.5, 0],
						"1.9583": [0, 0, 0]
					},
					"position": {
						"0.0": [0, 0, 0],
						"0.4583": [0, 0, 0],
						"0.9583": [0, 0, 0],
						"1.4583": [0, 0, 0],
						"1.9583": [0, 0, 0]
					}
				},
				"paddle_left": {
					"rotation": {
						"0.0": [0, 0, 0],
						"0.4583": [0, 92.5, 0],
						"0.9583": [0, 0, 0],
						"1.4583": [0, 92.5, 0],
						"1.9583": [0, 0, 0]
					},
					"position": {
						"0.0": [0, 0, 0],
						"0.4583": [0, 0, 0],
						"0.9583": [0, 0, 0],
						"1.4583": [0, 0, 0],
						"1.9583": [0, 0, 0]
					}
				},
				"wing": {
					"position": {
						"0.0": [0, 0, 0],
						"0.0417": [0, 0.02184, 0],
						"0.5833": [0, 0.59249, 0],
						"0.9167": [0, 0.94307, 0],
						"0.9583": [0, 0.97816, 0],
						"1.0": [0, 1, 0],
						"1.0417": [0, 0.97816, 0],
						"1.5833": [0, 0.40751, 0],
						"1.9167": [0, 0.05693, 0],
						"1.9583": [0, 0.02184, 0],
						"2.0": [0, 0, 0]
					}
				},
				"left_wing": {
					"rotation": {
						"0.0": [0, 0, 0],
						"2.0": [1800, 0, 0]
					}
				},
				"right_wing": {
					"rotation": {
						"0.0": [0, 0, 0],
						"2.0": [-1800, 0, 0]
					}
				}
			}
		},
		"animation.turnleft": {
			"loop": true,
			"animation_length": 0.9583,
			"bones": {
				"paddle_right": {
					"rotation": {
						"0.0": [0, 0, 0],
						"0.4583": [0, -87.5, 0],
						"0.9583": [0, 0, 0]
					},
					"position": {
						"0.0": [0, 0, 0],
						"0.4583": [0, 0, 0],
						"0.9583": [0, 0, 0]
					}
				},
				"right_wing": {
					"rotation": {
						"0.0": [0, 0, 0],
						"0.9583": [-1800, 0, 0]
					}
				}
			}
		},
		"animation.turnright": {
			"loop": true,
			"animation_length": 0.9583,
			"bones": {
				"paddle_left": {
					"rotation": {
						"0.0": [0, 0, 0],
						"0.4583": [0, 92.5, 0],
						"0.9583": [0, 0, 0]
					},
					"position": {
						"0.0": [0, 0, 0],
						"0.4583": [0, 0, 0],
						"0.9583": [0, 0, 0]
					}
				},
				"left_wing": {
					"rotation": {
						"0.0": [0, 0, 0],
						"0.9167": [1800, 0, 0]
					}
				},
				"right_wing": {
					"rotation": {
						"0.0": [0, 0, 0],
						"0.9167": [0, 0, 0]
					}
				}
			}
		},
		"animation.fly": {
			"loop": true,
			"animation_length": 2,
			"bones": {
				"wing": {
					"rotation": {
						"0.0": [0, 0, 0],
						"2.0": [0, -360, 0]
					},
					"position": [0, 13, -8]
				},
				"paddle_right": {
					"rotation": [-103.35404, -29.08596, 56.61778],
					"position": [-10, -10, 0]
				},
				"paddle_left": {
					"rotation": [-50, 35, 0],
					"position": [10, -10, 0]
				},
				"paddle": {
					"rotation": {
						"0.0": [0, 0, 0],
						"2.0": [0, -1800, 0]
					}
				},
				"left_wing": {
					"rotation": {
						"0.0": [0, 0, -90],
						"2.0": [-3600, 0, -90]
					}
				},
				"right_wing": {
					"rotation": {
						"0.0": [0, 0, 90],
						"2.0": [3600, 0, 90]
					}
				}
			}
		},
		"animation.accelerate": {
			"loop": true,
			"animation_length": 2.0417,
			"bones": {
				"left_wing": {
					"rotation": {
						"0.0": [0, -90, 0],
						"2.0": [0, -90, 3600]
					},
					"position": [0, 0, 9],
					"scale": [1, 1.4, 1]
				},
				"right_wing": {
					"rotation": {
						"0.0": [0, 90, 0],
						"2.0": [0, 90, -3600]
					},
					"position": [0, 0, 9],
					"scale": [1, 1.4, 1]
				},
				"paddle": {
					"rotation": {
						"0.0": [0, 0, 0],
						"2.0": [0, 0, 3600]
					}
				},
				"paddle_right": {
					"rotation": [236.9052, 46.7604, -14.4109],
					"position": [-10, 0, 0]
				},
				"paddle_left": {
					"rotation": [-126.90517, -46.76042, 14.41094],
					"position": [10, 0, 0]
				}
			}
		},
		"animation.accelerate_fly": {
			"loop": true,
			"animation_length": 2,
			"bones": {
				"wing": {
					"rotation": {
						"0.0": [0, 0, 0],
						"2.0": [0, -3600, 0]
					},
					"position": [0, 13, -8]
				},
				"paddle_right": {
					"rotation": [-103.35404, -29.08596, 56.61778],
					"position": [-10, -10, 0]
				},
				"paddle_left": {
					"rotation": [-50, 35, 0],
					"position": [10, -10, 0]
				},
				"paddle": {
					"rotation": {
						"0.0": [0, 0, 0],
						"2.0": [0, -3600, 0]
					}
				},
				"left_wing": {
					"rotation": {
						"0.0": [0, 0, -90],
						"2.0": [-3600, 0, -90]
					}
				},
				"right_wing": {
					"rotation": {
						"0.0": [0, 0, 90],
						"2.0": [3600, 0, 90]
					}
				},
				"left": {
					"rotation": {
						"0.0": [0, 0, 0],
						"2.0": [0, 0, 0]
					}
				}
			}
		}
	}
}