{
	"format_version": "1.8.0",
	"animations": {
		"animation.idle": {
			"animation_length": 2,
			"bones": {
				"ice": {
					"position": {
						"0.0": [0, 0, 0],
						"0.0417": [0, 0.02184, 0],
						"0.5833": [0, 0.59249, 0],
						"0.9167": [0, 0.94307, 0],
						"0.9583": [0, 0.97816, 0],
						"1.0": [0, 1, 0],
						"1.0417": [0, 0.97816, 0],
						"1.5833": [0, 0.40751, 0],
						"1.9167": [0, 0.05693, 0],
						"1.9583": [0, 0.02184, 0],
						"2.0": [0, 0, 0]
					}
				}
			}
		},
		"animation.move": {
			"animation_length": 1,
			"bones": {
				"paddle_right": {
					"rotation": [0, 0, 0],
					"position": [0, 0, 0]
				},
				"paddle_left": {
					"rotation": {
						"0.0": [0, 0, 0],
						"0.4583": [0, 92.5, 0],
						"0.9583": [0, 0, 0]
					},
					"position": {
						"0.0": [0, 0, 0],
						"0.4583": [0, 0, 0],
						"0.9583": [0, 0, 0]
					}
				}
			}
		}
	}
}