{
	"format_version": "1.8.0",
	"animations": {
		"animation.idle": {
			"loop": true,
			"animation_length": 2,
			"bones": {
				"ice": {
					"position": {
						"0.0": [0, 0, 0],
						"0.0417": [0, 0.02184, 0],
						"0.5833": [0, 0.59249, 0],
						"0.9167": [0, 0.94307, 0],
						"0.9583": [0, 0.97816, 0],
						"1.0": [0, 1, 0],
						"1.0417": [0, 0.97816, 0],
						"1.5833": [0, 0.40751, 0],
						"1.9167": [0, 0.05693, 0],
						"1.9583": [0, 0.02184, 0],
						"2.0": [0, 0, 0]
					}
				}
			}
		},
		"animation.move": {
			"loop": true,
			"animation_length": 2,
			"bones": {
				"paddle_right": {
					"rotation": {
						"0.0": [0, 0, 0],
						"0.4583": [0, -87.5, 0],
						"0.9583": [0, 0, 0],
						"1.4583": [0, -87.5, 0],
						"1.9583": [0, 0, 0]
					},
					"position": {
						"0.0": [0, 0, 0],
						"0.4583": [0, 0, 0],
						"0.9583": [0, 0, 0],
						"1.4583": [0, 0, 0],
						"1.9583": [0, 0, 0]
					}
				},
				"paddle_left": {
					"rotation": {
						"0.0": [0, 0, 0],
						"0.4583": [0, 92.5, 0],
						"0.9583": [0, 0, 0],
						"1.4583": [0, 92.5, 0],
						"1.9583": [0, 0, 0]
					},
					"position": {
						"0.0": [0, 0, 0],
						"0.4583": [0, 0, 0],
						"0.9583": [0, 0, 0],
						"1.4583": [0, 0, 0],
						"1.9583": [0, 0, 0]
					}
				},
				"ice": {
					"position": {
						"0.0": [0, 0, 0],
						"0.0417": [0, 0.02184, 0],
						"0.5833": [0, 0.59249, 0],
						"0.9167": [0, 0.94307, 0],
						"0.9583": [0, 0.97816, 0],
						"1.0": [0, 1, 0],
						"1.0417": [0, 0.97816, 0],
						"1.5833": [0, 0.40751, 0],
						"1.9167": [0, 0.05693, 0],
						"1.9583": [0, 0.02184, 0],
						"2.0": [0, 0, 0]
					}
				}
			}
		},
		"animation.turnleft": {
			"loop": true,
			"animation_length": 0.9583,
			"bones": {
				"paddle_right": {
					"rotation": {
						"0.0": [0, 0, 0],
						"0.4583": [0, -87.5, 0],
						"0.9583": [0, 0, 0]
					},
					"position": {
						"0.0": [0, 0, 0],
						"0.4583": [0, 0, 0],
						"0.9583": [0, 0, 0]
					}
				}
			}
		},
		"animation.turnright": {
			"loop": true,
			"animation_length": 0.9583,
			"bones": {
				"paddle_left": {
					"rotation": {
						"0.0": [0, 0, 0],
						"0.4583": [0, 92.5, 0],
						"0.9583": [0, 0, 0]
					},
					"position": {
						"0.0": [0, 0, 0],
						"0.4583": [0, 0, 0],
						"0.9583": [0, 0, 0]
					}
				}
			}
		},
		"animation.fly": {
			"loop": true,
			"animation_length": 2,
			"bones": {
				"ice": {
					"rotation": {
						"0.0": [0, 0, 0],
						"2.0": [0, -1800, 0]
					},
					"position": [0, "r-14", 0]
				},
				"paddle_right": {
					"rotation": [-103.35404, -29.08596, 56.61778],
					"position": [-10, -10, 0]
				},
				"paddle_left": {
					"rotation": [-50, 35, 0],
					"position": [10, -10, 0]
				},
				"paddle": {
					"rotation": {
						"0.0": [0, 0, 0],
						"2.0": [0, -1800, 0]
					}
				}
			}
		}
	}
}